{
    "loss": 0.4031065106391907,
    "accuracy": 0.8550068140029907
}