{
    "loss": 0.2785176634788513,
    "accuracy": 0.8518350720405579
}