{
    "loss": 0.23414377868175507,
    "accuracy": 0.9062075018882751
}